order_id,score
KO2610504,0.4550210842630074
KO2610505,0.46726771788936616
KO2610506,0.35670418217653843
KO2610507,0.14753877989038644
KO2610508,0.15784959123633005
KO2610509,0.1986758231001863
KO2610510,0.45184339643749566
KO2610511,0.530256947096476
KO2610512,0.275016451270178
KO2610513,0.7973923355006473
KO2610514,0.46288205020867895
KO2610515,0.23061889605065075
KO2610516,0.1705146506170521
KO2610517,0.5885068195474397
KO2610518,0.30480638193630716
KO2610519,0.19574662896338912
KO2610520,0.3636812335136591
KO2610521,0.6341825093030865
KO2610522,0.29515478807862205
KO2610523,0.3451719283680272
KO2610524,0.3556360680090387
KO2610525,0.7047187996927472
KO2610526,0.7368875552785116
KO2610527,0.07463285469529707
KO2610528,0.21702283005548645
KO2610529,0.26289581890589003
KO2610530,0.48590166639701055
KO2610531,0.17525896679305716
KO2610532,0.18696449025269285
KO2610533,0.1938010490796202
KO2610534,0.20614223103046117
KO2610535,0.0999408638601263
KO2610536,0.2885083627034181
KO2610537,0.1980249192986031
KO2610538,0.3180595752740157
KO2610539,0.650168847753132
KO2610540,0.7060699205194191
KO2610541,0.6367046070784412
KO2610542,0.36843995586691813
KO2610543,0.5071418147851973
KO2610544,0.44101161458360455
KO2610545,0.622924845470136
KO2610546,0.3590259511972011
KO2610547,0.3606350184363871
KO2610548,0.17794530350741408
KO2610549,0.43617013840513763
KO2610550,0.5550407381462263
KO2610551,0.307225343260274
KO2610552,0.498947012826794
KO2610553,0.19074847327162783
KO2610554,0.42730772124832156
KO2610555,0.7041896456779937
KO2610556,0.35594280939550355
KO2610557,0.6749898525253748
KO2610558,0.3695374532710631
KO2610559,0.24894671308683788
KO2610560,0.10751341286693117
KO2610561,0.3164542468239891
KO2610562,0.38824426512072074
KO2610563,0.12754146465860589
KO2610564,0.3055543895946685
KO2610565,0.4474674494250845
KO2610566,0.19092972575265316
KO2610567,0.24461159360030563
KO2610568,0.16923636089471175
KO2610569,0.6860227174334053
KO2610570,0.18581725542314081
KO2610571,0.36125301473213606
KO2610572,0.15990077509386932
KO2610573,0.7473623671217046
KO2610574,0.38232094251332005
KO2610575,0.6813201901162849
KO2610576,0.18893681362227763
KO2610577,0.6220692430428201
KO2610578,0.31681090893009384
KO2610579,0.18517955108391754
KO2610580,0.9089838243414333
KO2610581,0.5126517012397404
KO2610582,0.5956284561454734
KO2610583,0.3820723029186732
KO2610584,0.24378182278247418
KO2610585,0.29735247703924905
KO2610586,0.23183548973480383
KO2610587,0.34914905315120726
KO2610588,0.48760369996276376
KO2610589,0.12236700903947126
KO2610590,0.22167354278177848
KO2610591,0.16174545685621874
KO2610592,0.3906042556581359
KO2610593,0.5539468013065452
KO2610594,0.40865124615681203
KO2610595,0.2684269565423508
KO2610596,0.7071073068990079
KO2610597,0.11485668199005102
KO2610598,0.6653817043774268
KO2610599,0.4230833394083994
KO2610600,0.18628367143659535
KO2610601,0.18201701908514817
KO2610602,0.330770035304583
KO2610603,0.500819210653526
KO2610604,0.40841353275343123
KO2610605,0.2044178693409742
KO2610606,0.3958745383470524
KO2610607,0.449282561643032
KO2610608,0.1262136564892982
KO2610609,0.19005025744268408
KO2610610,0.377655253645868
KO2610611,0.5428500726327155
KO2610612,0.6766589063249134
KO2610613,0.1894847967094149
KO2610614,0.36931826455425704
KO2610615,0.16726917275416456
KO2610616,0.578425683245101
KO2610617,0.3890845654231687
KO2610618,0.2773908467145569
KO2610619,0.19331474579393176
KO2610620,0.6232954881313085
KO2610621,0.7387212919955507
KO2610622,0.346100690571756
KO2610623,0.3672214792593729
KO2610624,0.27075748014214074
KO2610625,0.6688610315914524
KO2610626,0.40230064686143585
KO2610627,0.5998231419606523
KO2610628,0.6544224709637871
KO2610629,0.28508039456361123
KO2610630,0.3667091717603441
KO2610631,0.4138068154650175
KO2610632,0.7604515957261779
KO2610633,0.46710220866347596
KO2610634,0.7208697234248334
KO2610635,0.4227809343019898
KO2610636,0.11817864935237392
KO2610637,0.43112758166135723
KO2610638,0.26871539061233
KO2610639,0.10594274804879995
KO2610640,0.2836221951947852
KO2610641,0.22053393995833023
KO2610642,0.5040939462924154
KO2610643,0.15763951045895988
KO2610644,0.40153010962271746
KO2610645,0.1721577866477753
KO2610646,0.24688913085129296
KO2610647,0.5982427895583062
KO2610648,0.16813168273119847
KO2610649,0.8256694986098794
KO2610650,0.6023816802613778
KO2610651,0.2128350471803665
KO2610652,0.4638645878548042
KO2610653,0.22301209690489063
KO2610654,0.45597762886070775
KO2610655,0.14465356247754566
KO2610656,0.6240184577689741
KO2610657,0.12118042186923071
KO2610658,0.5449578252121392
KO2610659,0.38626925845373133
KO2610660,0.10839900007420843
KO2610661,0.2991733986165934
KO2610662,0.23151761633221596
KO2610663,0.14679503204597777
KO2610664,0.8370792433092901
KO2610665,0.5285046236830142
KO2610666,0.8493841249574662
KO2610667,0.5555299250414454
KO2610668,0.2814013151604014
KO2610669,0.425293105729475
KO2610670,0.24590405250582467
KO2610671,0.23297810048356324
KO2610672,0.13764188851109127
KO2610673,0.4637970427656918
KO2610674,0.364575790851757
KO2610675,0.22010664999850227
KO2610676,0.4765391541822439
KO2610677,0.402544033770115
KO2610678,0.08212630880905655
KO2610679,0.6098056805470812
KO2610680,0.13988188430337356
KO2610681,0.2654153213782437
KO2610682,0.40787593841265973
KO2610683,0.32046336748144527
KO2610684,0.21166638733946339
KO2610685,0.45304352225407274
KO2610686,0.6631434820847123
KO2610687,0.30941926271557785
KO2610688,0.41207068766939303
KO2610689,0.4846998804613119
KO2610690,0.22670138069299
KO2610691,0.31187870970520687
KO2610692,0.3254443060690385
KO2610693,0.2681768331491606
KO2610694,0.4400857821550142
KO2610695,0.8742260301554337
KO2610696,0.4716211728194623
KO2610697,0.5547619344135007
KO2610698,0.3657611229391021
KO2610699,0.11227527343349812
KO2610700,0.3409161504755182
KO2610701,0.25291458005101153
KO2610702,0.3622019132621924
KO2610703,0.5472511564006359
KO2610704,0.1372334878021329
KO2610705,0.8877421431613183
KO2610706,0.6434639781177812
KO2610707,0.2334439212188068
KO2610708,0.2125035339187397
KO2610709,0.3883616271516666
KO2610710,0.671917109695484
KO2610711,0.45166227184793445
KO2610712,0.7198978467972814
KO2610713,0.5564620521148854
KO2610714,0.4763649392602321
KO2610715,0.19946340869209717
KO2610716,0.39144947023925275
KO2610717,0.09736751620252092
KO2610718,0.3653640564969889
KO2610719,0.19727646784065858
KO2610720,0.541221525759925
KO2610721,0.3861017953451611
KO2610722,0.20148416857627863
KO2610723,0.6776325902809821
KO2610724,0.20342294232252933
KO2610725,0.16126867420385668
KO2610726,0.348347075985734
KO2610727,0.36025123369964807
KO2610728,0.7265535797746095
KO2610729,0.43293080754158786
KO2610730,0.3405818460026221
KO2610731,0.43412244036380626
KO2610732,0.1684196390786661
KO2610733,0.3215899887168438
KO2610734,0.5512158581853839
KO2610735,0.2758633214161973
KO2610736,0.20473128737064272
KO2610737,0.3253837631347403
KO2610738,0.23878359874714403
KO2610739,0.3932004081732711
KO2610740,0.3228880375713313
KO2610741,0.2842082066829349
KO2610742,0.29361027630353237
KO2610743,0.4511884955845858
KO2610744,0.3772681647687123
KO2610745,0.3960282669090828
KO2610746,0.4678084194791863
KO2610747,0.27950378217649124
KO2610748,0.42863693177110496
KO2610749,0.17974339673917694
KO2610750,0.24390491467724382
KO2610751,0.223149148064166
KO2610752,0.1330555439421485
KO2610753,0.48854258009126017
KO2610754,0.4150079917261238
KO2610755,0.7138363880708082
KO2610756,0.2366733968733567
KO2610757,0.646619395110955
KO2610758,0.374798187139499
KO2610759,0.40985621620381446
KO2610760,0.23026314912206616
KO2610761,0.3554367076897784
KO2610762,0.33690608036409436
KO2610763,0.36772839690070697
KO2610764,0.10826823507997968
KO2610765,0.4229038526999466
KO2610766,0.2743079361277553
KO2610767,0.20610321709248464
KO2610768,0.1234767092150472
KO2610769,0.21087963910231944
KO2610770,0.27890199129689525
KO2610771,0.28194922818322116
KO2610772,0.854075112367898
KO2610773,0.1605171554976238
KO2610774,0.24568543250950323
KO2610775,0.6671779016056267
KO2610776,0.23017267289452295
KO2610777,0.7709989669108217
KO2610778,0.4478544141121889
KO2610779,0.1858062480281647
KO2610780,0.1729456258932373
KO2610781,0.3275647812117984
KO2610782,0.6148725095513927
KO2610783,0.3888287837448505
KO2610784,0.19924561519969136
KO2610785,0.6479498425398098
KO2610786,0.28731942090204426
KO2610787,0.23568687922432097
KO2610788,0.10843368688120192
KO2610789,0.7286700230295694
KO2610790,0.7751560566044963
KO2610791,0.4935294838516245
KO2610792,0.3000773262089807
KO2610793,0.43099239514642046
KO2610794,0.20615227336464947
KO2610795,0.6890100323301618
KO2610796,0.22969841053330473
KO2610797,0.32714181056227626
KO2610798,0.13777587999601323
KO2610799,0.2513745967306934
KO2610800,0.5290334491841748
KO2610801,0.4735407551560987
KO2610802,0.24006226305804243
KO2610803,0.42374168519340055
KO2610804,0.3436435834920222
KO2610805,0.4078444268588612
KO2610806,0.3137807377933412
KO2610807,0.2596324321347136
KO2610808,0.25035709716392374
KO2610809,0.18286099942797637
KO2610810,0.6181664485592577
KO2610811,0.16690301263604782
KO2610812,0.7772202994558418
KO2610813,0.20452167492774437
KO2610814,0.9149892321053781
KO2610815,0.3285362613821257
KO2610816,0.12711385699206015
KO2610817,0.5715655338112594
KO2610818,0.7140343139987027
KO2610819,0.21995971828408742
KO2610820,0.4186343208207687
KO2610821,0.79698158158097
KO2610822,0.15657889967604388
KO2610823,0.26579332189618143
KO2610824,0.10315166564856103
KO2610825,0.12649475203126206
KO2610826,0.2441384581427876
KO2610827,0.20883305947540642
KO2610828,0.4481542911997384
KO2610829,0.5561468318976649
KO2610830,0.46001096072681186
KO2610831,0.34623011019378247
KO2610832,0.11605576374594043
KO2610833,0.24088513262798783
KO2610834,0.4533650631738867
KO2610835,0.5044855379822034
KO2610836,0.14089434930036235
KO2610837,0.21946128464514922
KO2610838,0.458268715575149
KO2610839,0.1576954079338053
KO2610840,0.2901804470818039
KO2610841,0.6571435570451956
KO2610842,0.5966950066687013
KO2610843,0.4697570362891898
KO2610844,0.16041440272773436
KO2610845,0.4842754574117403
KO2610846,0.5826873561011375
KO2610847,0.2339969743877746
KO2610848,0.13383019561617066
KO2610849,0.3132887187200964
KO2610850,0.08178662768339864
KO2610851,0.17458695367129337
KO2610852,0.2085637119226886
KO2610853,0.5848357185591065
KO2610854,0.6432607375046352
KO2610855,0.33096383788831174
KO2610856,0.1577175999813897
KO2610857,0.3273940055552631
KO2610858,0.8366593345791357
KO2610859,0.170832299935809
KO2610860,0.837581852313904
KO2610861,0.3830393331222766
KO2610862,0.20561084153286394
KO2610863,0.42783509743794473
KO2610864,0.34397971526800175
KO2610865,0.11329061381315748
KO2610866,0.4274496182309025
KO2610867,0.3177791266092121
KO2610868,0.7359752922063677
KO2610869,0.15571352312581413
KO2610870,0.18616987258716367
KO2610871,0.12374016347673245
KO2610872,0.2725875405957701
KO2610873,0.6755076790713784
KO2610874,0.5140273625201527
KO2610875,0.10750297264414119
KO2610876,0.7224726050750808
KO2610877,0.7620646289255452
KO2610878,0.21671751894935062
KO2610879,0.204055310186073
KO2610880,0.13641136551980446
KO2610881,0.09284498203596102
KO2610882,0.36633289085633164
KO2610883,0.14335640680281453
KO2610884,0.13447260942993675
KO2610885,0.3822823621322999
KO2610886,0.43695167715884387
KO2610887,0.1601863717796833
KO2610888,0.3733165571122922
KO2610889,0.2752885921909562
KO2610890,0.7245714108649752
KO2610891,0.30902834001425666
KO2610892,0.5662298754207573
KO2610893,0.26428922112065195
KO2610894,0.4803955923383166
KO2610895,0.7722543641273932
KO2610896,0.7136088623956761
KO2610897,0.21101445234471022
KO2610898,0.31486724950033335
KO2610899,0.6813312262304192
KO2610900,0.29674753603013554
KO2610901,0.18787018134376943
KO2610902,0.4250566884071391
KO2610903,0.14374278543742072
KO2610904,0.5782010351475224
KO2610905,0.5005370490167581
KO2610906,0.11685116201679277
KO2610907,0.5135703211929208
KO2610908,0.16104827266315305
KO2610909,0.7510127917774777
KO2610910,0.5292796584268477
KO2610911,0.48636282649768475
KO2610912,0.3855553856944135
KO2610913,0.11991623817667334
KO2610914,0.19353422269338189
KO2610915,0.13885332519359342
KO2610916,0.08822853313816961
KO2610917,0.23117811332589752
KO2610918,0.45955356626727367
KO2610919,0.4778032888735863
KO2610920,0.1469866715433055
KO2610921,0.42954278217808134
KO2610922,0.11959271428294747
KO2610923,0.3927089535129044
KO2610924,0.1300248083972857
KO2610925,0.11935106586704342
KO2610926,0.6815365831094107
KO2610927,0.5580695472728422
KO2610928,0.2971449064228116
KO2610929,0.08617286289460555
KO2610930,0.06946492391813247
KO2610931,0.6652235282754835
KO2610932,0.14525977336659313
KO2610933,0.22312822753993578
KO2610934,0.1683571813233784
KO2610935,0.09379349664534914
KO2610936,0.11146571111284818
KO2610937,0.4081749544491462
KO2610938,0.07955811351202453
KO2610939,0.41412863870708305
KO2610940,0.6600159463780043
KO2610941,0.35826919833997645
KO2610942,0.1745666012151373
KO2610943,0.7640532722125071
KO2610944,0.7386323105687637
KO2610945,0.1361203592464823
KO2610946,0.22801373276602782
KO2610947,0.09641421234763312
KO2610948,0.6215937362295
KO2610949,0.5303544805566306
KO2610950,0.10095482781210555
KO2610951,0.1305008402117305
KO2610952,0.6435203261766085
KO2610953,0.16137578726164725
KO2610954,0.630038565101793
KO2610955,0.12440344377118441
KO2610956,0.37474930161963954
KO2610957,0.09725383284963372
KO2610958,0.20493306363726033
KO2610959,0.5159646230372622
KO2610960,0.6591776152634877
KO2610961,0.0991660457643068
KO2610962,0.23202130596794013
KO2610963,0.23148073481212503
KO2610964,0.4012969051693707
KO2610965,0.1874633715130326
KO2610966,0.5325750206631291
KO2610967,0.20082827804743328
KO2610968,0.5933325254484361
KO2610969,0.6508835362231161
KO2610970,0.8463847646403719
KO2610971,0.19433028369867816
KO2610972,0.2638900919309578
KO2610973,0.3228322043075186
KO2610974,0.21019924207981214
KO2610975,0.5325750206631291
KO2610976,0.25077509295129125
KO2610977,0.2930285322298928
KO2610978,0.8500618812585404
KO2610979,0.15500207946245415
KO2610980,0.1298300656536663
KO2610981,0.385644080764347
KO2610982,0.16204504011366805
KO2610983,0.5996547130814547
KO2610984,0.09106401671188323
KO2610985,0.1944598861928896
KO2610986,0.1516083597453509
KO2610987,0.28918343497669197
KO2610988,0.19352233368199692
KO2610989,0.2414625361978569
KO2610990,0.4347129661352433
KO2610991,0.20588370715369894
KO2610992,0.1553103503680944
KO2610993,0.09905730900656799
KO2610994,0.5332140695345226
KO2610995,0.1911966945071038
KO2610996,0.17734241462366415
KO2610997,0.4112144549755104
KO2610998,0.6188850443844938
KO2610999,0.18154048444386703
KO2611000,0.2049766698038866
KO2611001,0.11808729543763079
KO2611002,0.17541956459638317
KO2611003,0.6220540816425197
KO2611004,0.3058163080086592
KO2611005,0.2814854456898656
KO2611006,0.3134873675200176
KO2611007,0.06899522620595813
KO2611008,0.6682214785563699
KO2611009,0.3134665991228736
KO2611010,0.29631995938545197
KO2611011,0.2972609459304251
KO2611012,0.3282538335578705
KO2611013,0.5702004739767241
KO2611014,0.3186402973363514
KO2611015,0.32538908014085555
KO2611016,0.4937789623634725
KO2611017,0.13198957352156535
KO2611018,0.8194157197330009
KO2611019,0.6207265473918464
KO2611020,0.30825540785764494
KO2611021,0.332753445878228
KO2611022,0.26181313230148434
KO2611023,0.2300146825404329
KO2611024,0.7193270448564885
KO2611025,0.39235487656618784
KO2611026,0.34846062510610476
KO2611027,0.150765508399812
KO2611028,0.25836479570603543
KO2611029,0.1995438693576903
KO2611030,0.7418733755581364
KO2611031,0.09745462677643223
KO2611032,0.2004726711374382
KO2611033,0.7854110226528138
KO2611034,0.15726350534897032
KO2611035,0.20183770898479964
KO2611036,0.5092365828363509
KO2611037,0.5355009211810432
KO2611038,0.4204184800113526
KO2611039,0.21493451641231975
KO2611040,0.42246602867411076
KO2611041,0.3511853838178522
KO2611042,0.3569847759539113
KO2611043,0.4089225584778453
KO2611044,0.2098261841326052
KO2611045,0.21697325534207662
KO2611046,0.526579989901754
KO2611047,0.17572238103664595
KO2611048,0.3910711574579183
KO2611049,0.14165581138872968
KO2611050,0.26677463798053896
KO2611051,0.4729899454694198
KO2611052,0.49093054334442215
KO2611053,0.7133434771880968
KO2611054,0.6113177618076155
KO2611055,0.21933978529439413
KO2611056,0.4483722758735218
KO2611057,0.2596266127726462
KO2611058,0.4514740878323644
KO2611059,0.41914329362500324
KO2611060,0.17001071016937994
KO2611061,0.14987978124135384
KO2611062,0.19774080706797348
KO2611063,0.19267477631246716
KO2611064,0.14044998644320317
KO2611065,0.19537849042289807
KO2611066,0.6593661751326833
KO2611067,0.5309141482730019
KO2611068,0.7316440716837737
KO2611069,0.298373576644649
KO2611070,0.5923168567252949
KO2611071,0.9362276154063139
KO2611072,0.8718250987798645
KO2611073,0.2303514668852199
KO2611074,0.1840142672165804
KO2611075,0.8812495895533514
KO2611076,0.2764540982716736
KO2611077,0.3134668304878401
KO2611078,0.5646818918879088
KO2611079,0.3933894571989507
KO2611080,0.08454447150758308
KO2611081,0.3573844133498218
KO2611082,0.19713511023390418
KO2611083,0.5418964183895035
KO2611084,0.4373255410484526
KO2611085,0.42998080654424337
KO2611086,0.4640428472840496
KO2611087,0.6708926335634391
KO2611088,0.19234663928664303
KO2611089,0.4498492498050618
KO2611090,0.24028161853920887
KO2611091,0.13870826049046817
KO2611092,0.17785456136044905
KO2611093,0.43618772918603194
KO2611094,0.43514879280854796
KO2611095,0.142451151001459
KO2611096,0.42151385169541333
KO2611097,0.11470071384438438
KO2611098,0.08832871526572804
KO2611099,0.33067054274605767
KO2611100,0.15423872784217968
KO2611101,0.3315008440597954
KO2611102,0.23967231557749386
KO2611103,0.17699757184163906
KO2611104,0.09251995474981693
KO2611105,0.11776183481279183
KO2611106,0.511058476027894
KO2611107,0.11444404640873868
KO2611108,0.3027845075135182
KO2611109,0.3515896050561322
KO2611110,0.37595959828940456
KO2611111,0.7491260674838087
KO2611112,0.23039287018839802
KO2611113,0.1729759912296614
KO2611114,0.137070172940269
KO2611115,0.20545906885577747
KO2611116,0.5989556803778754
KO2611117,0.30636099898202196
KO2611118,0.4098627286251928
KO2611119,0.39797409682865836
KO2611120,0.2915699608626236
KO2611121,0.3406366995459913
KO2611122,0.5295345745781782
KO2611123,0.22047469130105957
KO2611124,0.3835890380947527
KO2611125,0.3140213033992551
KO2611126,0.7186814982180242
KO2611127,0.5643811422578158
KO2611128,0.09633733496841786
KO2611129,0.11251900380369124
KO2611130,0.2865802483701079
KO2611131,0.370176855803246
KO2611132,0.2695346883484803
KO2611133,0.502450499817028
KO2611134,0.23781661024738857
KO2611135,0.13325303425487584
KO2611136,0.18664348495247612
KO2611137,0.14310388564442703
KO2611138,0.11805465253527253
KO2611139,0.40023230326523496
KO2611140,0.5153549109917813
KO2611141,0.5164711450007988
KO2611142,0.16136589363856702
KO2611143,0.7663071586127278
KO2611144,0.4852056971593728
KO2611145,0.3786416051980417
KO2611146,0.19361647081242955
KO2611147,0.1793551891507299
KO2611148,0.38867472168520034
KO2611149,0.2441504888091062
KO2611150,0.7732145637088224
KO2611151,0.8191051716801365
KO2611152,0.3814399096651663
KO2611153,0.377489073734361
KO2611154,0.1895271737752498
KO2611155,0.29934545304530585
KO2611156,0.35140148184137965
KO2611157,0.2098261841326052
KO2611158,0.16834369216556774
KO2611159,0.45725581568354107
KO2611160,0.1832317385129548
KO2611161,0.29895444534958676
KO2611162,0.5511420984420538
KO2611163,0.5157789571434022
KO2611164,0.6991370660057143
KO2611165,0.14791717827209494
KO2611166,0.15945089504317683
KO2611167,0.17462418671002236
KO2611168,0.8527731575918265
KO2611169,0.5244294804564857
KO2611170,0.5222785152494522
KO2611171,0.11672945202170569
KO2611172,0.5031970498009671
KO2611173,0.0891736926295029
KO2611174,0.19989947938368208
KO2611175,0.6285609496876653
KO2611176,0.5882678148451995
KO2611177,0.24207589256069204
KO2611178,0.45190380413069364
KO2611179,0.22891474556073915
KO2611180,0.4051177852648622
KO2611181,0.28238618916132935
KO2611182,0.37751090081543887
KO2611183,0.12069769022553271
KO2611184,0.7304840744401938
KO2611185,0.4461888080284429
KO2611186,0.6645298452371287
KO2611187,0.8383091698657278
KO2611188,0.3099982890955649
KO2611189,0.14587838378747922
KO2611190,0.09165549622470245
KO2611191,0.20981551581121793
KO2611192,0.1348524014220194
KO2611193,0.5852891743092271
KO2611194,0.1456778619253688
KO2611195,0.17225870875047758
KO2611196,0.18785674396599605
KO2611197,0.4054698944503556
KO2611198,0.5126308881799618
KO2611199,0.7907183405666368
KO2611200,0.6648446758633081
KO2611201,0.5136327719110785
KO2611202,0.8321790173379079
KO2611203,0.24349823746958402
KO2611204,0.5647732789919915
KO2611205,0.20952187903068337
KO2611206,0.49308637908064357
KO2611207,0.44694857478908906
KO2611208,0.2118977652795481
KO2611209,0.43673214968760266
KO2611210,0.8684359677558086
KO2611211,0.4045158164655766
KO2611212,0.4961867982294708
KO2611213,0.8406002554993732
KO2611214,0.3314717419914187
KO2611215,0.14406942946730364
KO2611216,0.40262326814330224
KO2611217,0.7283024696661663
KO2611218,0.27917176376384223
KO2611219,0.11983013530137346
KO2611220,0.6186833309554925
KO2611221,0.14618624086358736
KO2611222,0.33550090891021805
KO2611223,0.9281428627647709
KO2611224,0.23697658132181282
KO2611225,0.7058635531737293
KO2611226,0.08553674652312496
KO2611227,0.13296874209567303
KO2611228,0.2889156211812881
KO2611229,0.3293337434430266
KO2611230,0.11795050070180194
KO2611231,0.37249075876633425
KO2611232,0.3097696646321087
KO2611233,0.19864466313681262
KO2611234,0.5008456798926707
KO2611235,0.19550394590060025
KO2611236,0.7169844233260251
KO2611237,0.21846613398718173
KO2611238,0.26075568311742225
KO2611239,0.32505676825332663
KO2611240,0.5611166586570909
KO2611241,0.23941924044140803
KO2611242,0.3403938027634435
KO2611243,0.453392309234496
KO2611244,0.3113585066835684
KO2611245,0.167428218758857
KO2611246,0.3415996286522371
KO2611247,0.7033005630047036
KO2611248,0.768335762307707
KO2611249,0.18569853862157357
KO2611250,0.3656020480064652
KO2611251,0.6062969333492522
KO2611252,0.32814674433169655
KO2611253,0.3457104772065452
KO2611254,0.1660294921545917
KO2611255,0.14094051998541507
KO2611256,0.14472790847020456
KO2611257,0.41988101990641186
KO2611258,0.42346564710942836
KO2611259,0.537022531385504
KO2611260,0.18759628497759345
KO2611261,0.416372526239255
KO2611262,0.5872991344335671
KO2611263,0.4327461561842987
KO2611264,0.2740925915449723
KO2611265,0.6105264704733446
KO2611266,0.3275834015108655
KO2611267,0.5128324285255972
KO2611268,0.23756984601937892
KO2611269,0.3800258283771033
KO2611270,0.4339419590112195
KO2611271,0.1294290317090029
KO2611272,0.3868063950063874
KO2611273,0.1607594915216885
KO2611274,0.7841793262916333
KO2611275,0.08580914381347177
KO2611276,0.5863674446193831
KO2611277,0.8529651751891949
KO2611278,0.10655424946975386
KO2611279,0.39512952575514987
KO2611280,0.4547548114136382
KO2611281,0.39516137758774855
KO2611282,0.37684049935131164
KO2611283,0.4634714815124008
KO2611284,0.40372340887068825
KO2611285,0.36944511514449985
KO2611286,0.4300927882221801
KO2611287,0.44386977768078645
KO2611288,0.28122976673630284
KO2611289,0.4241186893000387
KO2611290,0.12967644488037763
KO2611291,0.1652994267635035
KO2611292,0.7267666496798082
KO2611293,0.489734883614445
KO2611294,0.31675730080570724
KO2611295,0.739489236154105
KO2611296,0.13645738087984016
KO2611297,0.5578378991882088
KO2611298,0.5042205784750637
KO2611299,0.2903444953234362
KO2611300,0.34916453001921305
KO2611301,0.14009030880603004
KO2611302,0.2773584635521445
KO2611303,0.3186366216037808
KO2611304,0.2589236381398448
KO2611305,0.17470493328389672
KO2611306,0.3691695662709474
KO2611307,0.3413445773342646
KO2611308,0.20348495592503782
KO2611309,0.5203031163436999
KO2611310,0.2021068628720245
KO2611311,0.55636785571571
KO2611312,0.2531228617297169
KO2611313,0.19112748680693512
KO2611314,0.17400339137148763
KO2611315,0.45737532404106485
KO2611316,0.36757711726728326
KO2611317,0.4065754456633352
KO2611318,0.31110856233297135
KO2611319,0.39489774938109556
KO2611320,0.4704253228465601
KO2611321,0.3850969505413168
KO2611322,0.6638524549465966
KO2611323,0.19766146792769979
KO2611324,0.8053963229527417
KO2611325,0.15538023542895305
KO2611326,0.17297272352837795
KO2611327,0.43047620266633824
KO2611328,0.11733042500608964
KO2611329,0.6791653874340201
KO2611330,0.1457688251652559
KO2611331,0.5057471821395628
KO2611332,0.2387657390050399
KO2611333,0.6828359484605114
KO2611334,0.30133051145564405
KO2611335,0.32315755755923137
KO2611336,0.3943617725668433
KO2611337,0.11562878060432241
KO2611338,0.16946081971273136
KO2611339,0.3920776244658765
KO2611340,0.6944827275926208
KO2611341,0.29309043507834825
KO2611342,0.5008723804991638
KO2611343,0.2692286806899228
KO2611344,0.7033775782503447
KO2611345,0.1426914900306325
KO2611346,0.6764746794708859
KO2611347,0.09128965653763664
KO2611348,0.8079540801001804
KO2611349,0.7264038080202765
KO2611350,0.24390974657922873
KO2611351,0.34145649690629215
KO2611352,0.38821991988622095
KO2611353,0.1613762529191068
KO2611354,0.24817388908910132
KO2611355,0.18714415148295158
KO2611356,0.4808139291881262
KO2611357,0.3212701300136492
KO2611358,0.16451571288090305
KO2611359,0.25732390886351747
KO2611360,0.3918190543148241
KO2611361,0.5283577802895705
KO2611362,0.5135894435101263
KO2611363,0.2885450246344334
KO2611364,0.22409422106611965
KO2611365,0.4012412088773625
KO2611366,0.4496799132527389
KO2611367,0.44724257569148457
KO2611368,0.15725546028921786
KO2611369,0.07733387872724068
KO2611370,0.1441583118104583
KO2611371,0.1928655981849638
KO2611372,0.7800064430953272
KO2611373,0.15263188519897894
KO2611374,0.20749536123371468
KO2611375,0.4967746296859334
KO2611376,0.41901771219144185
KO2611377,0.2814060971584715
KO2611378,0.44200314984985184
KO2611379,0.3651198638031084
KO2611380,0.18611687214808323
KO2611381,0.22476553163653476
KO2611382,0.27475090630149823
KO2611383,0.2049438246473319
KO2611384,0.3313898529414721
KO2611385,0.16220870807250257
KO2611386,0.469467717967489
KO2611387,0.3711290088136035
KO2611388,0.43482788731328764
KO2611389,0.5584833693473477
KO2611390,0.1445240004703095
KO2611391,0.18956992511548224
KO2611392,0.23450971922069277
KO2611393,0.3770265681457716
KO2611394,0.5079349580964859
KO2611395,0.28550697327537056
KO2611396,0.6618007077484526
KO2611397,0.17793308952003345
KO2611398,0.7740218024164859
KO2611399,0.5250851171009687
KO2611400,0.2717095827375232
KO2611401,0.4400470244653366
KO2611402,0.7890697426636348
KO2611403,0.4353298536356687
KO2611404,0.12801173848683467
KO2611405,0.084886629712141
KO2611406,0.306409184195394
KO2611407,0.15104969021511933
KO2611408,0.1247402084400601
KO2611409,0.19095215448584624
KO2611410,0.2370931457009953
KO2611411,0.1828597593503603
KO2611412,0.46161774265987693
KO2611413,0.1881174156610822
KO2611414,0.4854241552042674
KO2611415,0.2609713748993772
KO2611416,0.3060056417409349
KO2611417,0.2499847784699183
KO2611418,0.5187184970531422
KO2611419,0.2792007346475698
KO2611420,0.536026961652424
KO2611421,0.38082310095389144
KO2611422,0.07964340437348864
KO2611423,0.17802876507742507
KO2611424,0.11674016990897236
KO2611425,0.3777288208999161
KO2611426,0.31252519151391783
KO2611427,0.3766329216013165
KO2611428,0.4098011865370426
KO2611429,0.13913891938242165
KO2611430,0.10382859622149841
KO2611431,0.45927290673445237
KO2611432,0.28993246729917915
KO2611433,0.8573573870129018
KO2611434,0.2804747878455195
KO2611435,0.2039851856065948
KO2611436,0.08610051612487855
KO2611437,0.17790545667656624
KO2611438,0.1378141347309905
KO2611439,0.7198317475257227
KO2611440,0.2244142673337998
KO2611441,0.22478416476169918
KO2611442,0.3577845004176261
KO2611443,0.14170476551701192
KO2611444,0.28295057004946883
KO2611445,0.1902261718727647
KO2611446,0.2852717486193348
KO2611447,0.4309028594934914
KO2611448,0.30395315235016745
KO2611449,0.13489971840270545
KO2611450,0.24245573208094864
KO2611451,0.5382482441969269
KO2611452,0.4533841547400883
KO2611453,0.7939730892959926
KO2611454,0.18185034270533604
KO2611455,0.4867828592415658
KO2611456,0.2812064958357534
KO2611457,0.19353033464140612
KO2611458,0.1389779930383086
KO2611459,0.21392614679890445
KO2611460,0.486017584346596
KO2611461,0.3032511153217381
KO2611462,0.23537178032899597
KO2611463,0.11888555995446357
KO2611464,0.2776593494192584
KO2611465,0.20453957867021508
KO2611466,0.3506434887801378
KO2611467,0.6044768653229157
KO2611468,0.23048624429758108
KO2611469,0.29511632451948183
KO2611470,0.37194250283862623
KO2611471,0.6435600885787475
KO2611472,0.639525585423476
KO2611473,0.48834227792042884
KO2611474,0.2025502405485408
KO2611475,0.1617664807100902
KO2611476,0.19983678276774694
KO2611477,0.14480648553920888
KO2611478,0.29025015814602667
KO2611479,0.13109779128425417
KO2611480,0.3669401512244191
KO2611481,0.2551744054109315
KO2611482,0.26516069455381513
KO2611483,0.16907585373927592
KO2611484,0.1360918180739034
KO2611485,0.2435135206351207
KO2611486,0.6132227669601924
KO2611487,0.37350515863487194
KO2611488,0.565596629980585
KO2611489,0.25801414092249414
KO2611490,0.5263811679516208
KO2611491,0.42666815388454143
KO2611492,0.3568495209554011
KO2611493,0.33564458463344715
KO2611494,0.8091851874658259
KO2611495,0.29308389571374077
KO2611496,0.2855226282043047
KO2611497,0.41099266750589036
KO2611498,0.4233564382602042
KO2611499,0.5491723488083358
KO2611500,0.3485125422181096
KO2611501,0.2038005337418247
KO2611502,0.11589305483946086
KO2611503,0.5412637181978964
KO2611504,0.4047327625593002
KO2611505,0.6659749105018371
KO2611506,0.10393104980057184
KO2611507,0.6166885632824102
KO2611508,0.22599061645060828
KO2611509,0.5987710483307693
KO2611510,0.35636712621954575
KO2611511,0.7014015448736389
KO2611512,0.29837429415163796
KO2611513,0.4432134484671768
KO2611514,0.26843857422606365
KO2611515,0.22077736095366804
KO2611516,0.12377809767563355
KO2611517,0.20310936672185073
KO2611518,0.16057429581829855
KO2611519,0.2283785102730324
KO2611520,0.4859311576769369
KO2611521,0.15721453841137828
KO2611522,0.22070232784428687
KO2611523,0.4125925271343974
KO2611524,0.5281326336381214
KO2611525,0.26105093166422383
KO2611526,0.31007218278603244
KO2611527,0.24323239469402944
KO2611528,0.5183143459066666
KO2611529,0.16212451961188223
KO2611530,0.3894937784572265
KO2611531,0.4367673718383167
KO2611532,0.19970503971132048
KO2611533,0.09689761885701927
KO2611534,0.26149107020775814
KO2611535,0.5521878290779672
KO2611536,0.19681846071696824
KO2611537,0.20043198335294052
KO2611538,0.17491316741059335
KO2611539,0.38891501567698766
KO2611540,0.8810071242200538
KO2611541,0.1058416792040552
KO2611542,0.6285562660664307
KO2611543,0.3335070071459269
KO2611544,0.23230408182797335
KO2611545,0.23111511877960622
KO2611546,0.17233333708163914
KO2611547,0.12134160934323712
KO2611548,0.3648104270270161
KO2611549,0.5955641214981561
KO2611550,0.18487682397377397
KO2611551,0.12909020591321077
KO2611552,0.10610226799281999
KO2611553,0.16575906495570555
KO2611554,0.28013199471033245
KO2611555,0.35907313637234495
KO2611556,0.2806886865636629
KO2611557,0.47923650920948896
KO2611558,0.3218899239569744
KO2611559,0.8605801695357511
KO2611560,0.23883672984830812
KO2611561,0.705346652293278
KO2611562,0.1899308371144388
KO2611563,0.847367331128868
KO2611564,0.3992218666321576
KO2611565,0.339373699403394
KO2611566,0.13417915280373358
KO2611567,0.7084861852337874
KO2611568,0.31611449901914346
KO2611569,0.258315556196413
KO2611570,0.27194055527867206
KO2611571,0.10334373456162368
KO2611572,0.5948779115188343
KO2611573,0.17043838483743853
KO2611574,0.1664570022463099
KO2611575,0.10395193466721293
KO2611576,0.7220656853286828
KO2611577,0.1955123527634873
KO2611578,0.8701396178173337
KO2611579,0.2532633153145095
KO2611580,0.814234744925669
KO2611581,0.3647714365120706
KO2611582,0.15588235010146603
KO2611583,0.36672269004374186
KO2611584,0.5459700107806534
KO2611585,0.4966954050479853
KO2611586,0.3260988127681249
KO2611587,0.35381655245018706
KO2611588,0.26167519088574354
KO2611589,0.6623290230829845
KO2611590,0.09422284335990233
KO2611591,0.5112367142790594
KO2611592,0.4267041446982735
KO2611593,0.8331971419280496
KO2611594,0.5631248336326565
KO2611595,0.21869654922635803
KO2611596,0.33932529122129684
KO2611597,0.15138948699679208
KO2611598,0.4426164831254983
KO2611599,0.3641053606900922
KO2611600,0.36243155072693894
KO2611601,0.2889733538369609
KO2611602,0.2295189149620205
KO2611603,0.120972877629981
KO2611604,0.43851093925725576
KO2611605,0.1509975435673455
KO2611606,0.16444803873038005
KO2611607,0.2140710549149176
KO2611608,0.2078722707518459
KO2611609,0.7710933931325206
KO2611610,0.36927585102673927
KO2611611,0.3477472583516216
KO2611612,0.3497052483870233
KO2611613,0.22887632600970442
KO2611614,0.29708326749125785
KO2611615,0.7113353640114024
KO2611616,0.16578774788673498
KO2611617,0.5469878585196993
KO2611618,0.12511730265694151
KO2611619,0.24891766360915074
KO2611620,0.388922558989019
KO2611621,0.12470897045185346
KO2611622,0.8231485244679844
KO2611623,0.16354069386932546
KO2611624,0.5337158094028206
KO2611625,0.28517585326323464
KO2611626,0.20654904510248936
KO2611627,0.33814974207703774
KO2611628,0.34376224080998413
KO2611629,0.09119610308890605
KO2611630,0.41763230102982
KO2611631,0.16809596685265843
KO2611632,0.8243018356243192
KO2611633,0.20250586376889074
KO2611634,0.17605758544560868
KO2611635,0.21776108154504653
KO2611636,0.2702010658719726
KO2611637,0.43041242838011606
KO2611638,0.47902553373850976
KO2611639,0.14903610104831924
KO2611640,0.22269523270497305
KO2611641,0.22661531283306807
KO2611642,0.6287636715476447
KO2611643,0.8737558929764229
KO2611644,0.1480738017337935
KO2611645,0.6640683685511161
KO2611646,0.2677217370743552
KO2611647,0.23182017335366004
KO2611648,0.35270740848991117
KO2611649,0.6861856050818085
KO2611650,0.25326352815210995
KO2611651,0.5761249196597924
KO2611652,0.4317092285737208
KO2611653,0.7920280028843122
KO2611654,0.5122179658576489
KO2611655,0.5627002541734294
KO2611656,0.6259006988049448
KO2611657,0.21580937714023746
KO2611658,0.5551409178001386
KO2611659,0.3339453971479945
KO2611660,0.26383294517565453
KO2611661,0.11057234095340611
KO2611662,0.23894208097471353
KO2611663,0.6126236270101534
KO2611664,0.3883376116662102
KO2611665,0.577744726448271
KO2611666,0.4367112250056511
KO2611667,0.09916497700394573
KO2611668,0.17955283438442313
KO2611669,0.3482022012065289
KO2611670,0.5523542948666252
KO2611671,0.2766097654232086
KO2611672,0.25416753222424665
KO2611673,0.3218114106976761
KO2611674,0.8024210373572802
KO2611675,0.6706114450492969
KO2611676,0.18855959714142514
KO2611677,0.6506911955489261
KO2611678,0.6695953445938319
KO2611679,0.1355956528513564
KO2611680,0.30444468248581347
KO2611681,0.6278223140762318
KO2611682,0.14501252976373996
KO2611683,0.7929646552230019
KO2611684,0.2506359527742875
KO2611685,0.14067419489846897
KO2611686,0.45261120833497037
KO2611687,0.1601352845995746
KO2611688,0.411976261908777
KO2611689,0.1981871630751675
KO2611690,0.3208107616177488
KO2611691,0.48924492307861045
KO2611692,0.3219210477289832
KO2611693,0.13188497422687717
KO2611694,0.902547058444047
KO2611695,0.3989648806060333
KO2611696,0.8314767610705964
KO2611697,0.5956594681645148
KO2611698,0.3010837790413471
KO2611699,0.43371016747274543
KO2611700,0.37914745857656584
KO2611701,0.25909317570322626
KO2611702,0.7413669294178361
KO2611703,0.44164464855334606
KO2611704,0.20303426432250843
KO2611705,0.10974395942097831
KO2611706,0.6495649236283293
KO2611707,0.23071270660866644
KO2611708,0.3954186470473664
KO2611709,0.340075460366455
KO2611710,0.4011411995511472
KO2611711,0.372275201944214
KO2611712,0.19930152396157627
KO2611713,0.06440566605700339
KO2611714,0.5720220586516156
KO2611715,0.13825739136050572
KO2611716,0.2272886018327998
KO2611717,0.23263312044402282
KO2611718,0.5358983631294102
KO2611719,0.24150372735645537
KO2611720,0.40888573376426535
KO2611721,0.5222026785214198
KO2611722,0.7961551405583034
KO2611723,0.1641433103242779
KO2611724,0.2123494610321424
KO2611725,0.20735685096953205
KO2611726,0.2684280213304652
KO2611727,0.17792408848627853
KO2611728,0.386885297005654
KO2611729,0.20290135339756546
KO2611730,0.32339625760851004
KO2611731,0.5857238586104695
KO2611732,0.1587906021517076
KO2611733,0.4691922950102187
KO2611734,0.24447352887962126
KO2611735,0.1848264041239402
KO2611736,0.8310661417673977
KO2611737,0.25662370522469363
KO2611738,0.31812013997814503
KO2611739,0.16433906590753905
KO2611740,0.7345414437257826
KO2611741,0.4577169468047986
KO2611742,0.2747253430283921
KO2611743,0.37698440749668427
KO2611744,0.16239399560050238
KO2611745,0.26035999707934404
KO2611746,0.17904359319071741
KO2611747,0.6014866379284696
KO2611748,0.37438559845445807
KO2611749,0.459595300067752
KO2611750,0.2381844426650538
KO2611751,0.2599837940977535
KO2611752,0.34294065309500693
KO2611753,0.30966868109036205
KO2611754,0.2910247556517327
KO2611755,0.17915451765168366
KO2611756,0.5806995024523323
KO2611757,0.3924191371361627
KO2611758,0.5594606562505515
KO2611759,0.3545190626145978
KO2611760,0.6230590937512757
KO2611761,0.7404520076249175
KO2611762,0.35763851641867167
KO2611763,0.16393974371167158
KO2611764,0.630253273550059
KO2611765,0.5467162420281417
KO2611766,0.31853643323829944
KO2611767,0.2746176010063504
KO2611768,0.7128112483920156
KO2611769,0.4563781016728689
KO2611770,0.6525280156880897
KO2611771,0.16780341583891387
KO2611772,0.3416229985233221
KO2611773,0.18804301420047104
KO2611774,0.561891645010471
KO2611775,0.24642965957644816
KO2611776,0.4748751470913978
KO2611777,0.3418566948007073
KO2611778,0.2006360476339697
KO2611779,0.3262153225356768
KO2611780,0.15295521285449296
KO2611781,0.3286208996395499
KO2611782,0.175600034876302
KO2611783,0.21267211183348822
KO2611784,0.594489820831394
KO2611785,0.33021819709568573
KO2611786,0.2304037104121493
KO2611787,0.15332130558953716
KO2611788,0.15770493318617596
KO2611789,0.553318671607558
KO2611790,0.722240196285439
KO2611791,0.42202097816085504
KO2611792,0.3001711307119106
KO2611793,0.17186270121678618
KO2611794,0.7217717047660495
KO2611795,0.5858689275108441
KO2611796,0.4336221691274487
KO2611797,0.2895180860338647
KO2611798,0.551127599836832
KO2611799,0.641120387475734
KO2611800,0.3509705412889537
KO2611801,0.1745369737562097
KO2611802,0.16638590858419705
KO2611803,0.38387409891604213
KO2611804,0.46585823856080644
KO2611805,0.40301947675463223
KO2611806,0.15902217838112614
KO2611807,0.2419305033962829
KO2611808,0.19096720388912622
KO2611809,0.6574596254114545
KO2611810,0.20654493489008388
KO2611811,0.4438040058671545
KO2611812,0.3932927488087413
KO2611813,0.2621171013407076
KO2611814,0.07964340437348864
KO2611815,0.30967683584040295
KO2611816,0.16912217073149088
KO2611817,0.18346713569618936
KO2611818,0.2543625653172191
KO2611819,0.8014410509600414
KO2611820,0.6893177500077062
KO2611821,0.19799415516710023
KO2611822,0.1784580873480366
KO2611823,0.13918922777965895
KO2611824,0.6828357702728575
KO2611825,0.5611389366847772
KO2611826,0.17787325363833933
KO2611827,0.30316876251175373
KO2611828,0.6315027152276984
KO2611829,0.4130164459666088
KO2611830,0.48228096513519725
KO2611831,0.4324383424182836
KO2611832,0.1582007465112132
KO2611833,0.5034252264094671
KO2611834,0.5543997612358419
KO2611835,0.20278189338430871
KO2611836,0.5108013821883846
KO2611837,0.40789407161794966
KO2611838,0.601442950423838
KO2611839,0.81483271043419
KO2611840,0.42394026983598404
KO2611841,0.15476906025539502
KO2611842,0.46859382318520176
KO2611843,0.2154534123583744
KO2611844,0.5962362844411399
KO2611845,0.3335587502594717
KO2611846,0.13736077938626043
KO2611847,0.342498150227248
KO2611848,0.7261431309042214
KO2611849,0.6064686730514387
KO2611850,0.23045546465375238
KO2611851,0.29838106569102685
KO2611852,0.21474281761952796
KO2611853,0.3906816365135066
KO2611854,0.22238018805280932
KO2611855,0.5437240948648251
KO2611856,0.4035528199736123
KO2611857,0.267483660447629
KO2611858,0.21971750699052867
KO2611859,0.17676463557473837
KO2611860,0.3761154141736954
KO2611861,0.5094663946858898
KO2611862,0.15836084313963575
KO2611863,0.14380730784410942
KO2611864,0.12521491393691797
KO2611865,0.6519737849102495
KO2611866,0.43001740257644505
KO2611867,0.1015886068671785
KO2611868,0.13251216423149828
KO2611869,0.298568470209084
KO2611870,0.09260796758400512
KO2611871,0.25855419323469286
KO2611872,0.30626341426203246
KO2611873,0.1622793401026564
KO2611874,0.10030749858085854
KO2611875,0.4213936919383435
KO2611876,0.4668314186576138
KO2611877,0.2716218575356034
KO2611878,0.3261376665100225
KO2611879,0.06760566452636521
KO2611880,0.17874171338014222
KO2611881,0.17883644353559774
KO2611882,0.8076422612525035
KO2611883,0.4929646168202467
KO2611884,0.17095763464999691
KO2611885,0.435800924903508
KO2611886,0.38776856169546636
KO2611887,0.28473939635015927
KO2611888,0.16393501764297697
KO2611889,0.14431691294118823
KO2611890,0.5669028190124016
KO2611891,0.8005227081942262
KO2611892,0.41049008811809395
KO2611893,0.3211684772397735
KO2611894,0.5807436801288056
KO2611895,0.22282206061531853
KO2611896,0.2800193950124691
KO2611897,0.5441532092311936
KO2611898,0.272481104311859
KO2611899,0.2169087535345643
KO2611900,0.2634317572930443
KO2611901,0.5487043377070842
KO2611902,0.5015323244749305
KO2611903,0.44629905523785407
KO2611904,0.42730419138119924
KO2611905,0.11829005854636533
KO2611906,0.5445782652475206
KO2611907,0.3359500230062665
KO2611908,0.4543733310373143
KO2611909,0.8358172120845868
KO2611910,0.37203808426786095
KO2611911,0.19019708656449177
KO2611912,0.10850496399414981
KO2611913,0.15200561846996904
KO2611914,0.8556691794573292
KO2611915,0.26767761556610875
KO2611916,0.24415293059590593
KO2611917,0.22715397254673653
KO2611918,0.1395337263493396
KO2611919,0.4129687087114541
KO2611920,0.3371658068686676
KO2611921,0.1273076577931717
KO2611922,0.5042089391137927
KO2611923,0.37577224173136575
KO2611924,0.6755934671285908
KO2611925,0.24291284788548723
KO2611926,0.6221533987809738
KO2611927,0.4297314706645596
KO2611928,0.3759549744654013
KO2611929,0.6978131210679158
KO2611930,0.23024589380845065
KO2611931,0.08464141185957003
KO2611932,0.41628676732652475
KO2611933,0.16413714841796906
KO2611934,0.36464442252393636
KO2611935,0.7477471118705823
KO2611936,0.4881068640038265
KO2611937,0.18786827857121252
KO2611938,0.419472563288573
KO2611939,0.2724994802029683
KO2611940,0.25377686058442833
KO2611941,0.22366304236575052
KO2611942,0.5065071432669284
KO2611943,0.5522106065886871
KO2611944,0.7628134467849789
KO2611945,0.17338860467486847
KO2611946,0.4127803821627784
KO2611947,0.22515848679251724
KO2611948,0.5522736167702221
KO2611949,0.29607220418035934
KO2611950,0.31479511653786546
KO2611951,0.08283260337169532
KO2611952,0.22685673711946608
KO2611953,0.3222735193003478
KO2611954,0.07737692684102151
KO2611955,0.2764290904650494
KO2611956,0.24012981883543003
KO2611957,0.5782506402231663
KO2611958,0.23948713149813844
KO2611959,0.4471633943005217
KO2611960,0.19376447107563594
KO2611961,0.5490161268832501
KO2611962,0.21671771609975432
KO2611963,0.19182902211140693
KO2611964,0.20261715623635002
KO2611965,0.43301609590727413
KO2611966,0.41117483396114785
KO2611967,0.40992783425221757
KO2611968,0.8562055325392536
KO2611969,0.2785812518518213
KO2611970,0.5753063595388586
KO2611971,0.43788941316523267
KO2611972,0.5029076295170318
KO2611973,0.3905080611349054
KO2611974,0.5222851996418406
KO2611975,0.29022784128609197
KO2611976,0.5532529329585645
KO2611977,0.4153883417425385
KO2611978,0.07707561810355035
KO2611979,0.33896591830575257
KO2611980,0.49920921350950087
KO2611981,0.3773298003081771
KO2611982,0.6192223273476558
KO2611983,0.18713188063064018
KO2611984,0.5530224602810672
KO2611985,0.3911647860048993
KO2611986,0.428008338119626
KO2611987,0.5307638905196097
KO2611988,0.35076006225097744
KO2611989,0.6082881619009962
KO2611990,0.22806654878519625
KO2611991,0.23443842054923733
KO2611992,0.9063357549131628
KO2611993,0.2841343597182581
KO2611994,0.5039654238901021
KO2611995,0.22087889097674085
KO2611996,0.1970457457971099
KO2611997,0.1645462030810397
KO2611998,0.40380549903244767
KO2611999,0.17487554772207528
KO2612000,0.19244762463549467
KO2612001,0.3946517222009476
KO2612002,0.4494238435332976
KO2612003,0.27151107293351995
KO2612004,0.8576237464391469
KO2612005,0.23756984601937892
KO2612006,0.14192129861512698
KO2612007,0.3075667686943015
KO2612008,0.7777617070992123
KO2612009,0.4850842820359851
KO2612010,0.28645645205063514
KO2612011,0.37836970764412575
KO2612012,0.17439709016481794
KO2612013,0.2959037284050205
KO2612014,0.4190189858010053
KO2612015,0.39952777570420134
KO2612016,0.56543180222022
KO2612017,0.35728602583507374
KO2612018,0.2727374747894364
KO2612019,0.47836264445776466
KO2612020,0.7076070667231781
KO2612021,0.3571756944784646
KO2612022,0.3210058073678341
KO2612023,0.75384246125431
KO2612024,0.8186872771063166
KO2612025,0.17114018708839654
KO2612026,0.8113221377376406
KO2612027,0.7080219120571201
KO2612028,0.9262521306574275
KO2612029,0.7368476534401286
KO2612030,0.1488949398747317
KO2612031,0.4655409383915223
KO2612032,0.7630385372674131
KO2612033,0.343127561427888
KO2612034,0.09596929516628608
KO2612035,0.22811765726956698
KO2612036,0.21020159433460447
KO2612037,0.7584918596101808
KO2612038,0.7166897871591427
KO2612039,0.39709039190884005
KO2612040,0.36688958760908247
KO2612041,0.8377973389028459
KO2612042,0.2229916852077942
KO2612043,0.14797613074615534
KO2612044,0.584500479668131
KO2612045,0.09396341129232785
KO2612046,0.2206001059308506
KO2612047,0.19708259517723864
KO2612048,0.2931894651352561
KO2612049,0.2138892489458605
KO2612050,0.7105891249341715
KO2612051,0.26921089252688124
KO2612052,0.5231032194846043
KO2612053,0.34555135057389846
KO2612054,0.16269587663911433
KO2612055,0.49536881682664535
KO2612056,0.3002252564652463
KO2612057,0.19360540095313897
KO2612058,0.5793368327258482
KO2612059,0.22254069889365405
KO2612060,0.2702687855245806
KO2612061,0.1495015814616792
KO2612062,0.456840680760832
KO2612063,0.1351330952375318
KO2612064,0.6244067647241869
KO2612065,0.3816342383131849
KO2612066,0.16692947342864423
KO2612067,0.16721074307083156
KO2612068,0.31078922341170656
KO2612069,0.16085787598656578
KO2612070,0.5145303427160693
KO2612071,0.6796747583096502
KO2612072,0.13422401947234466
KO2612073,0.75619485110969
KO2612074,0.4539720223660666
KO2612075,0.44270409124886806
KO2612076,0.3689346883294361
KO2612077,0.14993206811504795
KO2612078,0.26345606566642016
KO2612079,0.14913353487106076
KO2612080,0.48628026921478806
KO2612081,0.23856125513014725
KO2612082,0.837132016100097
KO2612083,0.7523561085292803
KO2612084,0.42068058902204936
KO2612085,0.1468509326693393
KO2612086,0.5463660707964265
KO2612087,0.5310899320711305
KO2612088,0.06736499747400845
KO2612089,0.14105340688749224
KO2612090,0.12379233188617801
KO2612091,0.11164505775502076
KO2612092,0.7407063328812261
KO2612093,0.4468874258551925
KO2612094,0.2232185241120454
KO2612095,0.5549346954344071
KO2612096,0.5467894402648578
KO2612097,0.40295390082016147
KO2612098,0.19711835436840117
KO2612099,0.25964746854395865
KO2612100,0.3512239100649198
KO2612101,0.2978638628832204
KO2612102,0.16258682303660352
KO2612103,0.4020052311738157
KO2612104,0.21768997132866208
KO2612105,0.2333911641702204
KO2612106,0.14970670991356966
KO2612107,0.08563702550894153
KO2612108,0.3053909856513853
KO2612109,0.5825896503582906
KO2612110,0.5448162498738112
KO2612111,0.1273076577931717
KO2612112,0.39548538083020607
KO2612113,0.42790554780538154
KO2612114,0.12409015245310154
KO2612115,0.5452969463177498
KO2612116,0.5365332459421653
KO2612117,0.15939675087497723
KO2612118,0.336214087759675
KO2612119,0.2720830783405763
KO2612120,0.17170344751614086
KO2612121,0.4461472766770696
KO2612122,0.8504560437081675
KO2612123,0.4592873666252945
KO2612124,0.0980310842997246
KO2612125,0.1499324819782434
KO2612126,0.552388386266528
KO2612127,0.36627071892861834
KO2612128,0.1559997168130591
KO2612129,0.16003608407144876
KO2612130,0.42158733206600246
KO2612131,0.274068337742067
KO2612132,0.23371034569071802
KO2612133,0.6288305818628381
KO2612134,0.14137555014760037
KO2612135,0.24095026910449152
KO2612136,0.5886036827837869
KO2612137,0.6317995322425047
KO2612138,0.293244762980627
KO2612139,0.2567257584025582
KO2612140,0.3206994554297703
KO2612141,0.12910907645145187
KO2612142,0.17460152660821074
KO2612143,0.07836464940728358
KO2612144,0.4293059705619343
KO2612145,0.5806251319453359
KO2612146,0.3772806708677265
KO2612147,0.8545587139092745
KO2612148,0.17662195382811033
KO2612149,0.31829349450224026
KO2612150,0.28888624415528297
KO2612151,0.36581581464998125
KO2612152,0.35406804978250245
KO2612153,0.7744679270867556
KO2612154,0.4232799797592957
KO2612155,0.9401042593785034
KO2612156,0.12990544734584775
KO2612157,0.1084576215848906
KO2612158,0.18669699196898004
KO2612159,0.2947286911485508
KO2612160,0.20985318425694627
KO2612161,0.238457414158921
KO2612162,0.12142737081993335
KO2612163,0.6296386467077728
KO2612164,0.38196968226576566
KO2612165,0.3612545294554915
KO2612166,0.8697832988629686
KO2612167,0.12052262217505202
KO2612168,0.29053816110223635
KO2612169,0.7782191357395656
KO2612170,0.22312561570583556
KO2612171,0.31836209962119694
KO2612172,0.21216160848436783
KO2612173,0.15221879354383788
KO2612174,0.33501912349505475
KO2612175,0.39591540544059084
KO2612176,0.2571397008572234
KO2612177,0.15881561779189898
KO2612178,0.24694564299844338
KO2612179,0.8783718265259197
KO2612180,0.452116013842409
KO2612181,0.5194584608420763
KO2612182,0.22281564784014837
KO2612183,0.8510634296881433
KO2612184,0.4278089092253453
KO2612185,0.1456057701631896
KO2612186,0.6582450705757972
KO2612187,0.715789197635923
KO2612188,0.1236270482219534
KO2612189,0.14559568327441536
KO2612190,0.09791667624980689
KO2612191,0.1272184121076204
KO2612192,0.32507366841536006
KO2612193,0.14601873690425868
KO2612194,0.7850477770825205
KO2612195,0.4096384580583407
KO2612196,0.40674058365162424
KO2612197,0.27888126154317744
KO2612198,0.37008403300523113
KO2612199,0.20062267096604072
KO2612200,0.2774118120405131
KO2612201,0.3289200363497707
KO2612202,0.279599380831862
KO2612203,0.41088932428315633
KO2612204,0.12785545241075058
KO2612205,0.142378540585335
KO2612206,0.8151396533237614
KO2612207,0.20037456633757206
KO2612208,0.2757442659114476
KO2612209,0.11312348502319175
KO2612210,0.3910377752411691
KO2612211,0.4225303311330135
KO2612212,0.279977993244739
KO2612213,0.40106416308182924
KO2612214,0.5521642514743116
KO2612215,0.3351864094749941
KO2612216,0.6410919301771715
KO2612217,0.49303068738849964
KO2612218,0.4169171416614772
KO2612219,0.21753684931615255
KO2612220,0.19499949902650807
KO2612221,0.14303397286440656
KO2612222,0.33871924366842754
KO2612223,0.47033686449801554
KO2612224,0.11134075266127348
KO2612225,0.316204521738058
KO2612226,0.12307774237701509
KO2612227,0.5389669830581871
KO2612228,0.21380372208001724
KO2612229,0.23695527687594467
KO2612230,0.28117238224007046
KO2612231,0.186979309597756
KO2612232,0.3468532176142158
KO2612233,0.22963957501184645
KO2612234,0.17314018078160734
KO2612235,0.635404639758728
KO2612236,0.2178109451411146
KO2612237,0.17081246281049786
KO2612238,0.1946322309618999
KO2612239,0.1439358573732558
KO2612240,0.8895627531671587
KO2612241,0.678582959489133
KO2612242,0.3546273687272113
KO2612243,0.46802489870767766
KO2612244,0.56525383780766
KO2612245,0.16085787598656578
KO2612246,0.7326488247141961
KO2612247,0.534497184609612
KO2612248,0.643486075754329
KO2612249,0.468063841286631
KO2612250,0.21769275045956873
KO2612251,0.15782037702914128
KO2612252,0.1780696504445848
KO2612253,0.4840316363689712
KO2612254,0.2510493493696197
KO2612255,0.1831612059952885
KO2612256,0.2861925259065593
KO2612257,0.49322038283717046
KO2612258,0.1263608442862489
KO2612259,0.3440692135414062
KO2612260,0.6568559638298541
KO2612261,0.6445787638061575
KO2612262,0.2398885693584483
KO2612263,0.5719986876745783
KO2612264,0.3227481942713478
KO2612265,0.4385294245728913
KO2612266,0.43547669285550267
KO2612267,0.3830348393027886
KO2612268,0.8048526138462329
KO2612269,0.651580261707004
KO2612270,0.2491607643334058
KO2612271,0.22145293513892894
KO2612272,0.6716601992425953
KO2612273,0.5338753365292457
KO2612274,0.20894188639153258
KO2612275,0.6545792338103722
KO2612276,0.2723404564923065
KO2612277,0.5508925284286684
KO2612278,0.4059836401890038
KO2612279,0.5453372776019694
KO2612280,0.5376225210494897
KO2612281,0.4702351818500364
KO2612282,0.2951948244081749
KO2612283,0.633202132975316
KO2612284,0.42995721139888476
KO2612285,0.2612729214472895
KO2612286,0.3921379655462216
KO2612287,0.3911146232400701
KO2612288,0.22491566421842213
KO2612289,0.16249315474017914
KO2612290,0.15464788897688606
KO2612291,0.48967528260890547
KO2612292,0.16234057382103334
KO2612293,0.1759141260495938
KO2612294,0.1563116288626356
KO2612295,0.13487447470018296
KO2612296,0.618244486516776
KO2612297,0.1812795990165639
KO2612298,0.2290953239373712
KO2612299,0.21066749204855487
KO2612300,0.15338840471878346
KO2612301,0.3764560786439711
KO2612302,0.2626801468780692
KO2612303,0.13304744831480045
KO2612304,0.6300059638295734
KO2612305,0.18458489377000045
KO2612306,0.5698226191059312
KO2612307,0.9021648464549796
KO2612308,0.7419081720656031
KO2612309,0.21292965895988678
KO2612310,0.11678991807873104
KO2612311,0.18450125716451293
KO2612312,0.15245431856522812
KO2612313,0.7712301732537937
KO2612314,0.49920068681857177
KO2612315,0.6983019016448077
KO2612316,0.2211529802375216
KO2612317,0.4389669153206049
KO2612318,0.6470210261707969
KO2612319,0.4354771337413342
KO2612320,0.08770643314022741
KO2612321,0.10554809667020701
KO2612322,0.2105508927480123
KO2612323,0.1105672409640666
KO2612324,0.5926056481893933
KO2612325,0.23545147890237741
KO2612326,0.4658846819530797
KO2612327,0.3664925700565023
KO2612328,0.1818237450109916
KO2612329,0.3591204619065616
KO2612330,0.23147266685044962
KO2612331,0.15586919180443531
KO2612332,0.24796247726136292
KO2612333,0.5731432594186974
KO2612334,0.36097376534161746
KO2612335,0.6675186260359205
KO2612336,0.20264957495689
KO2612337,0.27543097715199477
KO2612338,0.2537197623014344
KO2612339,0.4490983704823292
KO2612340,0.6043206924681961
KO2612341,0.2744432688652022
KO2612342,0.22667569868092075
KO2612343,0.1204130648256716
KO2612344,0.2690540442181511
KO2612345,0.5966947393100145
KO2612346,0.8217259981507882
KO2612347,0.6921532790656779
KO2612348,0.425451510599065
KO2612349,0.2831106521161612
KO2612350,0.6880694423892132
KO2612351,0.5380031655151553
KO2612352,0.3136318347351198
KO2612353,0.3587635712633588
KO2612354,0.10260773647191311
KO2612355,0.1847114442321829
KO2612356,0.17295348890514473
KO2612357,0.7971365142317837
KO2612358,0.36660138768306916
KO2612359,0.27548530123489234
KO2612360,0.24522277034129034
KO2612361,0.5131706402128748
KO2612362,0.5754528838488762
KO2612363,0.12391988269432616
KO2612364,0.19620920201441994
KO2612365,0.503489442799983
KO2612366,0.18512646574181854
KO2612367,0.3716279111348325
KO2612368,0.2221754050829163
KO2612369,0.10669598570038034
KO2612370,0.24174803534142075
KO2612371,0.45478117079941976
KO2612372,0.2330533750491323
KO2612373,0.13451978284644184
KO2612374,0.14132167604143855
KO2612375,0.09787890146001309
KO2612376,0.33241203086416266
KO2612377,0.1699001950036702
KO2612378,0.5722358393983824
KO2612379,0.3256230548040963
KO2612380,0.725591569509827
KO2612381,0.08361206050162179
KO2612382,0.7430214258863342
KO2612383,0.6076338469550551
KO2612384,0.28234485947785254
KO2612385,0.13838256557083767
KO2612386,0.538632590696969
KO2612387,0.16763319043695554
KO2612388,0.35506024733078534
KO2612389,0.07268454272550545
KO2612390,0.445663191814003
KO2612391,0.2062742118131059
KO2612392,0.31413569853176515
KO2612393,0.25366033612187705
KO2612394,0.1861150102789615
KO2612395,0.4442856283586916
KO2612396,0.38472497316794385
KO2612397,0.3347729489061933
KO2612398,0.48463013108876574
KO2612399,0.19536647958492198
KO2612400,0.5227682808661687
KO2612401,0.3256637155989646
KO2612402,0.1093654706623391
KO2612403,0.2937512984974192
KO2612404,0.639278352479743
KO2612405,0.5562628660367537
KO2612406,0.5116716332500678
KO2612407,0.6080714993559928
KO2612408,0.43159131233986764
KO2612409,0.6549051603054485
KO2612410,0.16412406800141252
KO2612411,0.5841026393007863
KO2612412,0.2822622688385322
KO2612413,0.6176465482895278
KO2612414,0.34572385205152834
KO2612415,0.18517900311489593
KO2612416,0.14535432082580124
KO2612417,0.2920148830339984
KO2612418,0.28993246729917915
KO2612419,0.538072007015654
KO2612420,0.2017824653575194
KO2612421,0.18131876180483286
KO2612422,0.5190164209082189
KO2612423,0.3491853684330751
KO2612424,0.12445987254122548
KO2612425,0.29718240668844054
KO2612426,0.25875480463209616
KO2612427,0.2990032775147151
KO2612428,0.44648826409246734
KO2612429,0.6611393641227387
KO2612430,0.12446200770065721
KO2612431,0.5330819419210036
KO2612432,0.5889950777706566
KO2612433,0.25556332798894543
KO2612434,0.4140235407019491
KO2612435,0.25490936201237024
KO2612436,0.2780616802020077
KO2612437,0.19529877543555035
KO2612438,0.3660526957054947
KO2612439,0.6977334013962845
KO2612440,0.18439304082277486
KO2612441,0.4461007190936206
KO2612442,0.3424962243304368
KO2612443,0.18305918945362873
KO2612444,0.12742376193774654
KO2612445,0.4565030943423424
KO2612446,0.3507716835233792
KO2612447,0.20377301481533053
KO2612448,0.29319391703136644
KO2612449,0.1971396315909911
KO2612450,0.7272300171747018
KO2612451,0.17623362305470722
KO2612452,0.5515097184607255
KO2612453,0.2260254673560467
KO2612454,0.43859406201336487
KO2612455,0.19608957740904118
KO2612456,0.42330034342590533
KO2612457,0.5357510106281549
KO2612458,0.8460790744302037
KO2612459,0.4741645272468922
KO2612460,0.1757526881300379
KO2612461,0.34020040660825074
KO2612462,0.424324467918938
KO2612463,0.3633319983949554
KO2612464,0.2981004558220815
KO2612465,0.6098169826882955
KO2612466,0.5151347961166779
KO2612467,0.33344199441291844
KO2612468,0.7609265812218508
KO2612469,0.3189504536133623
KO2612470,0.224766862919403
KO2612471,0.2076489008647095
KO2612472,0.19525349400089376
KO2612473,0.07498465887257401
KO2612474,0.49306272693302833
KO2612475,0.06672424361887536
KO2612476,0.27364141096083755
KO2612477,0.3672381889349727
KO2612478,0.6103985391852631
KO2612479,0.7256910484832588
KO2612480,0.6685210009438887
KO2612481,0.18756450728797133
KO2612482,0.21671771609975432
KO2612483,0.6534355537680373
KO2612484,0.45817596285149287
KO2612485,0.33089328337690216
KO2612486,0.6502792132861585
KO2612487,0.2803226421335076
KO2612488,0.16427851506663727
KO2612489,0.5624481660396529
KO2612490,0.4735755331201413
KO2612491,0.4783741139233843
KO2612492,0.30851766248513146
KO2612493,0.4102939762863138
KO2612494,0.11570194122326695
KO2612495,0.15231042711161966
KO2612496,0.09690703310916601
KO2612497,0.07443206464521421
KO2612498,0.3007311218770705
KO2612499,0.4214618002073449
KO2612500,0.23549948841123702
KO2612501,0.2199250813037332
KO2612502,0.18616687857546202
KO2612503,0.21121228655977953
KO2612504,0.39103603291299494
KO2612505,0.32461212068254347
KO2612506,0.134674037914541
KO2612507,0.12452257478726589
KO2612508,0.12177390158776528
KO2612509,0.10660223712944826
KO2612510,0.663713376135684
KO2612511,0.17010758044118504
KO2612512,0.573522302946291
KO2612513,0.5733232128066847
KO2612514,0.22150542466274853
KO2612515,0.23064382384565263
KO2612516,0.4029806067789416
KO2612517,0.34941884854092753
KO2612518,0.29004597115557007
KO2612519,0.1452656541442562
KO2612520,0.44189384862308423
KO2612521,0.09499289866102523
KO2612522,0.3591378726281133
KO2612523,0.7390439190576604
KO2612524,0.2774458258196233
KO2612525,0.3999696828987134
KO2612526,0.5984345960425994
KO2612527,0.10597119560135633
KO2612528,0.7738476227049079
KO2612529,0.06798068548057411
KO2612530,0.35545678405579184
KO2612531,0.8081810227961274
KO2612532,0.8615490472780836
KO2612533,0.07161742270353265
KO2612534,0.6311097377033298
KO2612535,0.19682181559880518
KO2612536,0.21786755087265627
KO2612537,0.3226144912783329
KO2612538,0.6935155131382176
KO2612539,0.373958139658359
KO2612540,0.13030905568315929
KO2612541,0.2366733968733567
KO2612542,0.18737727832109655
KO2612543,0.3350904701266766
KO2612544,0.23861588673932319
KO2612545,0.3193146838573303
KO2612546,0.11256421951688424
KO2612547,0.6789152779277812
KO2612548,0.6225781289446486
KO2612549,0.4188554387683787
KO2612550,0.5068654802369045
KO2612551,0.4186825341096506
KO2612552,0.4253259005980155
KO2612553,0.2669006956282549
KO2612554,0.5714594516848837
KO2612555,0.26079164190580073
KO2612556,0.24874333996358222
KO2612557,0.6782529493068222
KO2612558,0.29590586778745437
KO2612559,0.2827491675407876
KO2612560,0.20757503800435223
KO2612561,0.4233303890605039
KO2612562,0.3034134119215779
KO2612563,0.189759071810078
KO2612564,0.20705829109149018
KO2612565,0.14298825092136222
KO2612566,0.09285233021701522
KO2612567,0.3506513862276079
KO2612568,0.40232073233940435
KO2612569,0.1872305880557351
KO2612570,0.2187955141992338
KO2612571,0.45224319960770265
KO2612572,0.320992709410652
KO2612573,0.5765382644261903
KO2612574,0.5890278810484351
KO2612575,0.3960396211130324
KO2612576,0.12185417563359763
KO2612577,0.5936681281742213
KO2612578,0.15087476276533912
KO2612579,0.3231433010337248
KO2612580,0.5525212730405781
KO2612581,0.10881928498232318
KO2612582,0.39922088016265705
KO2612583,0.30977368491593343
KO2612584,0.3322315507493991
KO2612585,0.377834094237588
KO2612586,0.41997757001624436
KO2612587,0.4938849599060275
KO2612588,0.18976551007406103
KO2612589,0.1493225027484916
KO2612590,0.7045946863833926
KO2612591,0.17517402466610718
KO2612592,0.6347345650928536
KO2612593,0.3669803759977388
KO2612594,0.17551510202875772
KO2612595,0.6331250168135065
KO2612596,0.6570364105419856
KO2612597,0.28256989631097623
KO2612598,0.562450378541437
KO2612599,0.46078914046055974
